{
  "type": "minecraft:ore",
  "config": {
    "discard_chance_on_air_exposure": 0.0,
    "size": 4,
    "targets": [
      {
        "state": {
          "Name": "minecraft:emerald_ore"
        },
        "target": {
          "predicate_type": "minecraft:tag_match",
          "tag": "minecraft:bamboo_plantable_on"
        }
      },
      {
        "state": {
          "Name": "minecraft:emerald_ore"
        },
        "target": {
          "predicate_type": "minecraft:tag_match",
          "tag": "minecraft:stone_ore_replaceables"
        }
      }
    ]
  }
}